,Degree,Degree,Degree,Clustering,Clustering,Clustering
,mean,sem,count,mean,sem,count
AnimalName,,,,,,
CFC16,48.65340826009521,0.7668285817167886,475,0.19734321505609204,0.002028364447945915,475
CFC17,27.98357499716823,0.5768367815761232,272,0.2685787099652077,0.00456396114824857,272
CFC18,61.85605659626473,1.0998780732943378,499,0.27867671187521814,0.003045416866557285,499
NR32,21.976685168679502,0.4944505962940742,182,0.21019244116348487,0.004467061631772507,182
NR34,34.12544873497862,0.6980456304832579,292,0.2137691325059476,0.0032303225206252017,292
